product_name,category,price
"POCO M3 (Power Black, 6GB RAM, 64GB Storage)",Phones,12999
"iQOO Z6 5G by vivo (Dynamo Black, 4GB RAM, 128GB Storage) | Snapdragon 695-6nm Processor | 120Hz FHD+ Display | Travel Ada...",Phones,19990
"Samsung Galaxy S22 5G (Phantom White, 8GB RAM, 128GB Storage) with No Cost EMI/Additional Exchange Offers",Phones,85999
"Samsung Galaxy Tab A7 Lite 8.7 inches with Calling, Slim Metal Body, Dolby Atmos Sound, RAM 3 GB, ROM 32 GB Expandable, W...",Phones,17500
"Samsung Galaxy M53 5G (Deep Ocean Blue, 8GB, 128GB Storage) | 108MP | sAmoled+ 120Hz | 16GB RAM with RAM Plus | Travel Ada...",Phones,34999
"Samsung Galaxy M53 5G (Mystique Green, 8GB, 128GB Storage) | 108MP | sAmoled+ 120Hz | 16GB RAM with RAM Plus | Travel Adap...",Phones,34999
"Vivo Y100 5G (Metal Black, 8GB RAM, 128GB Storage) with No Cost EMI/Additional Exchange Offers",Phones,29999
"Samsung Galaxy Tab S7 FE 31.5 cm (12.4 inch) Large Display, S-Pen in Box, Slim Metal Body, Dolby Atmos Sound, RAM 4 GB, RO...",Phones,49999
"Nokia G21 Android Smartphone, Dual SIM, 3-Day Battery Life, 6GB RAM + 128GB Storage, 50MP Triple AI Camera | Nordic Blue",Phones,16999
"Nokia G21 Android Smartphone, Dual SIM, 3-Day Battery Life, 6GB RAM + 128GB Storage, 50MP Triple AI Camera | Dusk",Phones,16999
"Redmi Note 11S (Horizon Blue, 6GB RAM, 128GB Storage)|108MP AI Quad Camera | 90 Hz FHD+ AMOLED Display | 33W Charger Inclu...",Phones,20999
"Vivo Y56 5G (Orange Shimmer, 8GB RAM, 128GB Storage) with No Cost EMI/Additional Exchange Offers",Phones,24999
"(Renewed) OnePlus 5T (Midnight Black, 6GB RAM, 64GB Storage)",Phones,34999
"Samsung Galaxy M13 (Midnight Blue, 6GB, 128GB Storage) | 6000mAh Battery | Upto 12GB RAM with RAM Plus",Phones,17999
"Redmi K50i 5G (Stealth Black, 6GB RAM, 128GB Storage) | Flagship Mediatek Dimensity 8100 Processor | 144Hz Liquid FFS Disp...",Phones,31999
"iQOO Z6 44W by vivo (Lumina Blue, 4GB RAM, 128GB Storage) | 6.44"" FHD+ AMOLED Display | 50% Charge in just 27 mins | in-Di...",Phones,19999
"Redmi K50i 5G (Stealth Black, 8GB RAM, 256GB Storage) | Flagship Mediatek Dimensity 8100 Processor | 144Hz Liquid FFS Disp...",Phones,35999
"OnePlus Nord 2T 5G (Jade Fog, 12GB RAM, 256GB Storage)",Phones,33999
"Redmi A1 (Black, 2GB RAM, 32GB Storage) | Segment Best AI Dual Cam | 5000mAh Battery | Leather Texture Design | Android 12",Phones,8999
"Samsung Galaxy Tab A7 Lite 8.7 inches, Slim Metal Body, Dolby Atmos Sound, RAM 3 GB, ROM 32 GB Expandable, Wi-Fi-only Tabl...",Phones,14500
"Redmi 10A (Sea Blue, 4GB RAM, 64GB Storage) | 2 Ghz Octa Core Helio G25 | 5000 mAh Battery | Finger Print Sensor | Upto 5G...",Phones,11999
"realme narzo 50A Prime (Flash Black, 4GB RAM+128GB Storage) FHD+ Display | 50MP AI Triple Camera (No Charger Variant)",Phones,14499
"OnePlus Nord 2T 5G (Gray Shadow, 8GB RAM, 128GB Storage)",Phones,28999
"Samsung Galaxy S20 FE 5G (Cloud Navy, 8GB RAM, 128GB Storage) with No Cost EMI & Additional Exchange Offers",Phones,74999
"Redmi 10 (Caribbean Green, 6GB RAM, 128GB Storage)",Phones,16999
"Bassoholic 9 Inches (22Cm) Car Radio Receiver Advanced Android System with 2GB/16GB RAM & ROM, IPS Capacitive Touch Panel ...",Phones,15990
"Redmi 9A Sport (Coral Green, 2GB RAM, 32GB Storage) | 2GHz Octa-core Helio G25 Processor | 5000 mAh Battery",Phones,7999
"Samsung Galaxy M04 Dark Blue, 4GB RAM, 64GB Storage | Upto 8GB RAM with RAM Plus | MediaTek Helio P35 | 5000 mAh Battery",Phones,11999
"iQOO Neo 6 5G (Maverick Orange, 12GB RAM, 256GB Storage) | Only Snapdragon 870 in The Segment | 50% Charge in Just 12 Mins...",Phones,39999
"Lava Blaze 5G (Glass Green, 4GB RAM, UFS 2.2 128GB Storage) | 5G Ready | 50MP AI Triple Camera | Upto 7GB Expandable RAM |...",Phones,14999
"iQOO 9 SE 5G (Space Fusion, 8GB RAM, 128GB Storage) | Qualcomm Snapdragon 888 | 66W Flash Charge",Phones,39990
"iQOO Z6 44W by vivo (Raven Black, 4GB RAM, 128GB Storage) | 6.44"" FHD+ AMOLED Display | 50% Charge in just 27 mins | in-Di...",Phones,19999
"LIRAMARK Phone Kickstand/Phone Stand/Mobile Holder, Vertical and Horizontal Stand, Adjustable Angle, Compatible with iPhon...",Phones,299
"Samsung Galaxy M32 Prime Edition (Black, 4GB RAM, 64GB)",Phones,13499
"Samsung Galaxy M33 5G (Emerald Brown, 8GB, 128GB Storage) | 6000mAh Battery | 16GB RAM with RAM Plus | Travel Adapter to b...",Phones,25999
"Samsung Galaxy A14 5G (Dark Red, 8GB, 128GB Storage) | Triple Rear Camera (50 MP Main) | Upto 16 GB RAM with RAM Plus | Tr...",Phones,22999
realme narzo 50i Prime (Mint Green 4GB RAM+64GB Storage) Octa-core Processor |5000 mAh Battery,Phones,9999
"Samsung Galaxy M13 (Stardust Brown, 4GB, 64GB Storage) | 6000mAh Battery | Upto 8GB RAM with RAM Plus",Phones,14999
"IKALL K470 6.26"" HD+ Display Smartphone (Dual Sim, 4G) (4GB RAM, 13MP Rear Camera) (Sky Blue)",Phones,8999
"Google Pixel 6 Pro 5G (Stromy Black, 12GB RAM, 128GB Storage)",Phones,99999
"Redmi K50i 5G (Phantom Blue, 8GB RAM, 256GB Storage)| Flagship Mediatek Dimensity 8100 Processor | 144Hz Liquid FFS Display",Phones,35999
"Samsung Galaxy M13 (Aqua Green, 6GB, 128GB Storage) | 6000mAh Battery | Upto 12GB RAM with RAM Plus",Phones,17999
"Samsung Galaxy M04 Light Green, 4GB RAM, 64GB Storage | Upto 8GB RAM with RAM Plus | MediaTek Helio P35 | 5000 mAh Battery",Phones,11999
"realme C35 (Glowing Green, 4GB RAM, 64GB Storage)",Phones,13999
"MI Poco M2 Pro (Green and Greener, 6GB RAM, 128GB Storage)",Phones,29999
"realme narzo 50 (Speed Blue, 6GB RAM+128GB Storage) Helio G96 Processor | 50MP AI Triple Camera | 120Hz Ultra Smooth Display",Phones,17999
"realme narzo 50 (Speed Black, 6GB RAM+128GB Storage) Helio G96 Processor | 50MP AI Triple Camera | 120Hz Ultra Smooth Display",Phones,17999
"Tecno Pop 5 LTE (Deepsea Luster, 2GB RAM,32GB Storage) | Front Flash | 8MP Dual Camera",Phones,8999
"Vivo Y100 5G (Twilight Gold, 8GB RAM, 128GB Storage) with No Cost EMI/Additional Exchange Offers",Phones,29999
realme Narzo 50 Pro 5G (Hyper Blue 6GB RAM+128GB Storage) Super AMOLED | Advanced Dimensity 920 5G Gaming Processor | 50% ...,Phones,21999
"Lava Blaze 5G (Glass Blue, 4GB RAM, UFS 2.2 128GB Storage) | 5G Ready | 50MP AI Triple Camera | Upto 7GB Expandable RAM | ...",Phones,14999
Redmi Note 12 5G Frosted Green 4GB RAM 128GB ROM | 1st Phone with 120Hz Super AMOLED and Snapdragon® 4 Gen 1 | 48MP AI Tri...,Phones,19999
"Redmi Note 11 (Horizon Blue, 4GB RAM, 64GB Storage) | 90Hz FHD+ AMOLED Display | Qualcomm® Snapdragon™ 680-6nm | 33W Charg...",Phones,17999
Xiaomi 11 Lite NE 5G (Jazz Blue 8GB RAM 128 GB Storage) | Slimmest (6.81mm) & Lightest (158g) 5G Smartphone | 10-bit AMOLE...,Phones,33999
Redmi 10 Prime (Astral White 4GB RAM 64GB ROM |Helio G88 with extendable RAM Upto 2GB |FHD+ 90Hz Adaptive Sync Display),Phones,14999
"Redmi 10A Sport (Slate Grey, 6GB RAM, 128GB Storage) | 2 Ghz Octa Cor Helio G25 | 5000 mAh Battery | Finger Print Sensor |...",Phones,13999
"Samsung Galaxy M13 5G (Aqua Green, 4GB, 64GB Storage) | 5000mAh Battery | Upto 8GB RAM with RAM Plus",Phones,16999
"realme narzo 50 5G (Hyper Blue, 4GB RAM+128GB Storage) Dimensity 810 5G Processor | 48MP Ultra HD Camera",Phones,18999
"Samsung Galaxy M13 5G (Stardust Brown, 4GB, 64GB Storage) | 5000mAh Battery | Upto 8GB RAM with RAM Plus",Phones,16999
"Samsung Galaxy A14 5G (Black, 6GB, 128GB Storage) | Triple Rear Camera (50 MP Main) | Upto 12 GB RAM with RAM Plus | Trave...",Phones,20999
"OnePlus 10 Pro 5G (Emerald Forest, 12GB RAM, 256GB Storage)",Phones,71999
"Redmi Note 10S (Deep Sea Blue, 6GB RAM, 64GB Storage) - Super Amoled Display | 64 MP Quad Camera | 6 Month Free Screen Rep...",Phones,16999
"Samsung Galaxy M32 Prime Edition (Light Blue, 4GB RAM, 64GB)",Phones,13499
"Lava X3(‎Luster Blue, 3GB RAM, 32GB Storage) | 8MP Dual Camera | Fingerprint Sensor | Android 12 Go Edition | 6.5 inch HD+...",Phones,8999
"Redmi 10A (Slate Grey, 4GB RAM, 64GB Storage) | 2 Ghz Octa Core Helio G25 | 5000 mAh Battery | Finger Print Sensor | Upto ...",Phones,11999
"Redmi Note 11 (Horizon Blue, 6GB RAM, 64GB Storage)|90Hz FHD+ AMOLED Display | Qualcomm® Snapdragon™ 680-6nm | 33W Charger...",Phones,17999
"Vivo Y16 (Drizzling Gold, 3GB RAM, 64GB Storage) with No Cost EMI/Additional Exchange Offers",Phones,14999
"Samsung Galaxy S20 FE 5G (Cloud Mint, 8GB RAM, 128GB Storage)",Phones,74999
"iQOO Neo 6 5G (Dark Nova, 12GB RAM, 256GB Storage) | Only Snapdragon 870 in The Segment | 50% Charge in Just 12 Mins | 90 ...",Phones,39999
"iQOO Neo 6 5G (Dark Nova, 8GB RAM, 128GB Storage) | Only Snapdragon 870 in The Segment | 50% Charge in Just 12 Mins | 90 F...",Phones,34999
"OnePlus 10R 5G (Sierra Black, 8GB RAM, 128GB Storage, 80W SuperVOOC)",Phones,38999
"Samsung Galaxy M32 Prime Edition (Light Blue, 6GB RAM, 128GB)",Phones,15499
"Vivo Y16 (Stellar Black, 3GB RAM, 64GB Storage) with No Cost EMI/Additional Exchange Offers",Phones,14999
"MI 10T 5G Cosmic Black, 8GB RAM, 128GB Storage - |Additional Exchange/No Cost EMI Offers",Phones,42999
"Samsung Galaxy M33 5G (Mystique Green, 6GB, 128GB Storage) | 6000mAh Battery | Upto 12GB RAM with RAM Plus | Travel Adapte...",Phones,24999
"Tecno Pop 5 LTE (Ice Blue, 2GB RAM,32GB Storage) | Front Flash | 8MP Dual Camera",Phones,8999
"LIRAMARK Type C to 3.5 mm Jack Audio Connector, Noise Cancelling Headphones Jack Converter Audio Adapter for OnePlus (Not ...",Phones,199
"Samsung Galaxy M13 (Aqua Green, 4GB, 64GB Storage) | 6000mAh Battery | Upto 8GB RAM with RAM Plus",Phones,14999
realme Narzo 50 Pro 5G (Hyper Black 6GB RAM+128GB Storage) Super AMOLED | Advanced Dimensity 920 5G Gaming Processor | 50%...,Phones,21999
"OnePlus Nord CE 2 Lite 5G (Black Dusk, 8GB RAM, 128GB Storage)",Phones,21999
"Redmi 9A Sport (Carbon Black, 3GB RAM, 32GB Storage) | 2GHz Octa-core Helio G25 Processor | 5000 mAh Battery",Phones,9499
"Redmi 10A (Charcoal Black, 4GB RAM, 64GB Storage) | 2 Ghz Octa Core Helio G25 | 5000 mAh Battery | Finger Print Sensor | U...",Phones,11999
"realme 10 Pro 5G (Hyperspace, 128 GB) (8 GB RAM)",Phones,22999
"Redmi 8A Dual (Sea Blue, 2GB RAM, 32GB Storage) – Dual Cameras & 5,000 mAH Battery",Phones,8999
"OnePlus 10R 5G (Sierra Black, 12GB RAM, 256GB Storage, 80W SuperVOOC)",Phones,42999
"Lava Blaze 5G (Glass Green, 6GB RAM, UFS 2.2 128GB Storage) | 5G Ready | 50MP AI Triple Camera | Upto 9GB Expandable RAM |...",Phones,16349
"Samsung Galaxy M04 Light Green, 4GB RAM, 128GB Storage | Upto 8GB RAM with RAM Plus | MediaTek Helio P35 | 5000 mAh Battery",Phones,13499
"iQOO Z6 Lite 5G by vivo (Stellar Green, 6GB RAM, 128GB Storage) | World's First Snapdragon 4 Gen 1 | 120Hz Refresh Rate | ...",Phones,18999
"Samsung Galaxy M12 (Black,6GB RAM, 128GB Storage) 6 Months Free Screen Replacement for Prime",Phones,15499
"OnePlus 10R 5G (Sierra Black, 8GB RAM, 128GB Storage, 80W SuperVOOC)",Phones,38999
"Tecno Spark 9 (Infinity Black, 4GB RAM,64GB Storage) | 7GB Expandable RAM | Helio G37 Gaming Processor",Phones,11499
"Tecno Spark 9 (Sky Mirror, 6GB RAM,128GB Storage) | 11GB Expandable RAM | Helio G37 Gaming Processor",Phones,13499
"Redmi Note 11 Pro (Stealth Black, 8GB RAM, 128GB Storage)| 67W Turbo Charge | 120Hz Super AMOLED Display | Charger Include...",Phones,24999
"POCO C31 (Royal Blue, 64 GB) (4 GB RAM)",Phones,11999
"Redmi A1 (Light Green, 2GB RAM 32GB ROM) | Segment Best AI Dual Cam | 5000mAh Battery | Leather Texture Design | Android 12",Phones,8999
"Tecno Spark 8 Pro (Interstellar Black, 4GB RAM,64GB Storage) | 48MP Triple Camera | 33W Fast Charger",Phones,13499
"Samsung Galaxy M13 5G (Aqua Green, 6GB, 128GB Storage) | 5000mAh Battery | Upto 12GB RAM with RAM Plus",Phones,19499
"Vivo Y16 (Drizzling Gold, 3GB RAM, 32GB Storage) with No Cost EMI/Additional Exchange Offers",Phones,13999
"Samsung Galaxy M53 5G (Mystique Green, 6GB, 128GB Storage) | 108MP | sAmoled+ 120Hz | 12GB RAM with RAM Plus | Travel Adap...",Phones,32999
"MOTOROLA e32s (Slate Gray, 4GB RAM 64GB Storage)",Phones,12999
"iQOO Z6 44W by vivo (Lumina Blue, 6GB RAM, 128GB Storage) | 6.44"" FHD+ AMOLED Display | 50% Charge in just 27 mins | in-Di...",Phones,20999
"(Renewed) OnePlus 6T (Mirror Black, 6GB RAM, 128GB Storage)",Phones,37999
Xiaomi Mi 4A Dual_Band Ethernet 1200Mbps Speed Router| 2.4GHz & 5GHz Frequency|128MB RAM | DualCore 4 Thread CPU|4 Omni Di...,Phones,2999
Redmi Note 12 5G Matte Black 6GB RAM 128GB ROM | 1st Phone with 120Hz Super AMOLED and Snapdragon® 4 Gen 1 | 48MP AI Tripl...,Phones,21999
realme narzo 50i Prime (Dark Blue 4GB RAM+64GB Storage) Octa-core Processor | 5000 mAh Battery,Phones,9999
"realme narzo 50A Prime (Flash Black, 4GB RAM+64GB Storage) Full High Definition+ Display |50MP AI Triple Camera| Charger I...",Phones,13499
"Vivo Y100 5G (Pacific Blue, 8GB RAM, 128GB Storage) with No Cost EMI/Additional Exchange Offers",Phones,29999
"Samsung Galaxy M04 Dark Blue, 4GB RAM, 128GB Storage | Upto 8GB RAM with RAM Plus | MediaTek Helio P35 | 5000 mAh Battery",Phones,13499
"LIRAMARK 30W USB-C Female to Lightning Cable Adapter, Type-C to 8 Pin Male PD Fast Charging Converter Cord Data Sync Conne...",Phones,149
"OPPO A74 5G (Fluid Black, 6GB RAM, 128GB Storage) with No Cost EMI/Additional Exchange Offers",Phones,20990
"realme narzo 50 5G (Hyper Blue, 6GB RAM+128GB Storage) Dimensity 810 5G Processor | 48MP Ultra HD Camera",Phones,19999
realme Narzo 50 Pro 5G (Hyper Black 8GB RAM+128GB Storage) Dimensity 920 5G Processor |90Hz Super AMOLED Display,Phones,23999
"Lava Blaze 5G (Glass Blue, 6GB RAM, UFS 2.2 128GB Storage) | 5G Ready | 50MP AI Triple Camera | Upto 9GB Expandable RAM | ...",Phones,16349
"iQOO Z6 Lite 5G by vivo (Mystic Night, 4GB RAM, 64GB Storage) | World's First Snapdragon 4 Gen 1 | 120Hz Refresh Rate | 50...",Phones,15999
"Samsung Galaxy M32 (Light Blue, 4GB RAM, 64GB | FHD+ sAMOLED 90Hz Display | 6000mAh Battery | 64MP Quad Camera",Phones,16999
"Samsung Galaxy M13 (Stardust Brown, 6GB, 128GB Storage) | 6000mAh Battery | Upto 12GB RAM with RAM Plus",Phones,17999
"realme narzo 50 5G (Hyper Black, 4GB RAM+128GB Storage) Dimensity 810 5G Processor | 48MP Ultra HD Camera",Phones,18999
"realme narzo 50 5G (Hyper Black, 4GB RAM+64GB Storage) Dimensity 810 5G Processor | 48MP Ultra HD Camera",Phones,17999
"(Renewed) Redmi Note 9 (Pebble Grey, 4GB RAM 64GB Storage) - 48MP Quad Camera & Full HD+ Display - 3 Months No Cost EMI on...",Phones,14999
"realme narzo 50A Prime (Flash Blue, 4GB RAM+128GB Storage) FHD+ Display | 50MP AI Triple Camera| Charger Included",Phones,14499
realme Narzo 50 Pro 5G (Hyper Blue 8GB RAM+128GB Storage) Dimensity 920 5G Processor |90Hz Super AMOLED Display,Phones,23999
"Redmi Note 11 (Horizon Blue, 6GB RAM, 128GB Storage)|90Hz FHD+ AMOLED Display | Qualcomm® Snapdragon™ 680-6nm | 33W Charge...",Phones,19999
"Vivo Y22 (Metaverse Green, 6GB RAM, 128GB Storage) with No Cost EMI/Additional Exchange Offers",Phones,19990
"Oppo F21s Pro (Dawnlight Gold, 8GB RAM, 128 Storage) with No Cost EMI/Additional Exchange Offers",Phones,27999
"realme narzo 50A (Oxygen Green , 4GB RAM + 128 GB Storage) Helio G85 Processor | 6000 mAh Battery",Phones,13999
"realme narzo 50i (Carbon Black, 2GB RAM+32GB Storage) Octa Core Processor | 6.5"" inch Large Display",Phones,7999
"JioFi Jio Phone Next 32 GB ROM, 2 GB RAM, Blue, Smartphone",Phones,7299
"iQOO Z6 5G by vivo (Chromatic Blue, 4GB RAM, 128GB Storage) | Snapdragon 695-6nm Processor | 120Hz FHD+ Display | 5000mAh ...",Phones,19990
"OnePlus 10R 5G (Forest Green, 8GB RAM, 128GB Storage, 80W SuperVOOC)",Phones,38999
"Redmi Note 11T 5G (Stardust White, 8GB RAM, 128GB ROM) | Dimensity 810 5G | 33W Pro Fast Charging | Charger Included | Add...",Phones,22999
"Vivo Y56 5G (Black Engine, 8GB RAM, 128GB Storage) with No Cost EMI/Additional Exchange Offers",Phones,24999
"Vivo Y22 (Starlit Blue, 6GB RAM, 128GB Storage) with No Cost EMI/Additional Exchange Offers",Phones,19990
"Redmi K50i 5G (Quick Silver, 8GB RAM, 256GB Storage) | Flagship Mediatek Dimensity 8100 Processor | 144Hz Liquid FFS Display",Phones,35999
"OnePlus 10T 5G (Moonstone Black, 16GB RAM, 256GB Storage)",Phones,55999
"realme 9 5G SE (Azure Glow, 8GB RAM, 128GB Storage)",Phones,26990
"Oppo F21s Pro (Starlight Black, 8GB RAM, 128 Storage) with No Cost EMI/Additional Exchange Offers",Phones,27999
"Tecno POVA 3 (Eco Black, 4GB RAM,64GB Storage) | 7000mAh Battery |33W Fast Charger",Phones,14999
"Vivo Y16 (Stellar Black, 3GB RAM, 32GB Storage) with No Cost EMI/Additional Exchange Offers",Phones,13999
"Redmi Note 9 (Arctic White, 4GB RAM, 64GB Storage) - 48MP Quad Camera & Full HD+ Display",Phones,15999
"Redmi A1 (Light Blue, 2GB RAM, 32GB Storage) | Segment Best AI Dual Cam | 5000mAh Battery | Leather Texture Design | Andro...",Phones,8999
"Redmi 9A Sport (Coral Green, 3GB RAM, 32GB Storage) | 2GHz Octa-core Helio G25 Processor | 5000 mAh Battery",Phones,9499
"Samsung Galaxy M13 5G (Midnight Blue, 4GB, 64GB Storage) | 5000mAh Battery | Upto 8GB RAM with RAM Plus",Phones,16999
"(Renewed) realme narzo 50i (Mint Green, 2GB RAM+32GB Storage) - 6.5"" inch Large Display | 5000mAh Battery Without Offers",Phones,6990
"OnePlus Nord CE 2 Lite 5G (Blue Tide, 8GB RAM, 128GB Storage)",Phones,21999
"realme narzo 50A (Oxygen Blue , 4GB RAM + 64 GB Storage) Helio G85 Processor | 6000 mAh Battery",Phones,12999
realme narzo 50i Prime (Dark Blue 3 GB RAM +32 GB Storage) Octa-core Processor | 5000 mAh Battery,Phones,8999
"Samsung Galaxy M13 (Midnight Blue, 4GB, 64GB Storage) | 6000mAh Battery | Upto 8GB RAM with RAM Plus",Phones,14999
"Redmi 9 (Sporty Orange, 4GB RAM, 64GB Storage) | 2.3GHz Mediatek Helio G35 Octa core Processor",Phones,10999
Redmi Note 12 5G Matte Black 4GB RAM 128GB ROM | 1st Phone with 120Hz Super AMOLED and Snapdragon® 4 Gen 1 | 48MP AI Tripl...,Phones,19999
"Samsung Galaxy A53 Black, 8GB RAM, 128GB Storage",Phones,39990
realme narzo 50i Prime (Mint Green 3GB RAM+32GB Storage) Octa-core Processor | 5000 mAh Battery,Phones,8999
"Tecno Phantom X2 5G Stardust Grey (8GB RAM,256GB Storage) | World's 1st 4nm Dimensity 9000 5G Processor | Dual Curved AMOL...",Phones,51999
"realme narzo 50A Prime (Flash Black, 4GB RAM+128GB Storage) FHD+ Display | 50MP AI Triple Camera | Charger Included",Phones,14499
"iQOO Z6 5G by vivo (Dynamo Black, 4GB RAM, 128GB Storage) | Snapdragon 695-6nm Processor | 120Hz FHD+ Display | 5000mAh Ba...",Phones,19990
"Samsung Galaxy A14 5G (Black, 4GB, 64GB Storage) | Triple Rear Camera (50 MP Main) | Upto 8 GB RAM with RAM Plus | Travel ...",Phones,18499
"Xifo LYF Earth 1 (3GB RAM, 32GB Storage) 4G Smartphone in White Colour",Phones,25800
"Vivo Y02 (Orchid Blue, 3GB RAM, 32GB Storage) with No Cost EMI/Additional Exchange Offers",Phones,12999
"realme narzo 50 (Speed Black, 4GB RAM+64GB Storage) Helio G96 Processor | 50MP AI Triple Camera | 120Hz Ultra Smooth Display",Phones,15999
"realme narzo 50 5G (Hyper Blue, 4GB RAM+64GB Storage) Dimensity 810 5G Processor | 48MP Ultra HD Camera",Phones,17999
"iQOO Neo 6 5G (Cyber Rage, 12GB RAM,256GB Storage) | Only Snapdragon 870 in The Segment | 50% Charge in Just 12 Mins | 90 ...",Phones,39999
"OnePlus Nord CE 2 Lite 5G (Blue Tide, 6GB RAM, 128GB Storage)",Phones,19999
"iQOO Neo 6 5G (Cyber Rage, 8GB RAM, 128GB Storage) | Only Snapdragon 870 in The Segment | 50% Charge in Just 12 Mins | 90 ...",Phones,34999
Redmi Note 12 5G Mystique Blue 4GB RAM 128GB ROM | 1st Phone with 120Hz Super AMOLED and Snapdragon® 4 Gen 1 | 48MP AI Tri...,Phones,19999
"Redmi 11 Prime 5G (Chrome Silver, 4GB RAM 64GB ROM) | Prime Design | MTK Dimensity 700 | 50 MP Dual Cam | 5000mAh | 7 Band 5G",Phones,15999
"Redmi Note 10S (Cosmic Purple, 6GB RAM, 128GB Storage)  - Super Amoled Display | 64 MP Quad Camera | 6 Month Free Screen R...",Phones,18999
"Tecno Spark 8 Pro (Turquoise Cyan, 4GB RAM,64GB Storage) | 48MP Triple Camera | 33W Fast Charger",Phones,13499
"iQOO Z6 Pro 5G by vivo (Phantom Dusk, 8GB RAM, 128GB Storage) | Snapdragon 778G 5G | 66W FlashCharge | 1300 nits Peak Brig...",Phones,29990
"Samsung Galaxy M33 5G (Deep Ocean Blue, 8GB, 128GB Storage) | 6000mAh Battery | Upto 16GB RAM with RAM Plus | Travel Adapt...",Phones,25999
"Redmi Note 11 (Space Black, 4GB RAM, 64GB Storage)|90Hz FHD+ AMOLED Display | Qualcomm® Snapdragon™ 680-6nm | 33W Charger ...",Phones,17999
"realme narzo 50 (Speed Blue, 4GB RAM+64GB Storage) 120Hz Full HD+ Display | 50MP AI Triple Camera | Helio G96 Powerful Gam...",Phones,15999
